date,region7,stress_index
2018-01-01,Akdeniz,-0.5337039880357068
2018-02-01,Akdeniz,-0.3089631346017914
2018-03-01,Akdeniz,-0.207563263643796
2018-04-01,Akdeniz,-0.2801142615078121
2018-05-01,Akdeniz,-0.28390218360317715
2018-06-01,Akdeniz,-0.6026201810776943
2018-07-01,Akdeniz,-0.36620889383746746
2018-08-01,Akdeniz,-0.5515212352367727
2018-09-01,Akdeniz,-0.66843612642984
2018-10-01,Akdeniz,-0.6449418249611945
2018-11-01,Akdeniz,-0.38829932486738017
2018-12-01,Akdeniz,-0.3596563665607032
2019-01-01,Akdeniz,-0.2852229488561568
2019-02-01,Akdeniz,0.18327018888723656
2019-03-01,Akdeniz,-0.0411600784661613
2019-04-01,Akdeniz,-0.5662923348750686
2019-05-01,Akdeniz,-0.489511692803868
2019-06-01,Akdeniz,-0.5411412434427307
2019-07-01,Akdeniz,-0.4425680313740967
2019-08-01,Akdeniz,-0.28607487784212704
2019-09-01,Akdeniz,-0.21398666015841356
2019-10-01,Akdeniz,-0.19591401027533323
2019-11-01,Akdeniz,-0.3416481399285805
2019-12-01,Akdeniz,-0.2132134215679274
2020-01-01,Akdeniz,-0.3667156201189794
2020-02-01,Akdeniz,0.08507333167658455
2020-03-01,Akdeniz,-0.18205114399147443
2020-04-01,Akdeniz,0.4696744661049327
2020-05-01,Akdeniz,0.8317215139803205
2020-06-01,Akdeniz,0.3652524845355352
2020-07-01,Akdeniz,-0.16460405282753005
2020-08-01,Akdeniz,-0.10221145115707275
2020-09-01,Akdeniz,-0.19272852482904032
2020-10-01,Akdeniz,-0.22565477060441225
2020-11-01,Akdeniz,-0.31102677900155234
2020-12-01,Akdeniz,0.48038765191367216
2021-01-01,Akdeniz,0.5583389028357054
2021-02-01,Akdeniz,0.4776278500451128
2021-03-01,Akdeniz,0.1335744184845313
2021-04-01,Akdeniz,0.500640490709893
2021-05-01,Akdeniz,0.5114068205251521
2021-06-01,Akdeniz,0.42510007279722845
2021-07-01,Akdeniz,-0.15239871156702323
2021-08-01,Akdeniz,-0.07298862841194467
2021-09-01,Akdeniz,-0.15560148864903586
2021-10-01,Akdeniz,-0.41966062491179495
2021-11-01,Akdeniz,-0.0773861163554096
2021-12-01,Akdeniz,-0.24640475453317312
2022-01-01,Akdeniz,0.16775095494785916
2022-02-01,Akdeniz,0.23795687607464747
2022-03-01,Akdeniz,0.47282604975841835
2022-04-01,Akdeniz,0.650866357568739
2022-05-01,Akdeniz,0.42073049804915746
2022-06-01,Akdeniz,0.5377505133985039
2022-07-01,Akdeniz,0.3982695816389473
2022-08-01,Akdeniz,0.65423067464917
2022-09-01,Akdeniz,0.5585944881370788
2022-10-01,Akdeniz,0.4318132435831309
2022-11-01,Akdeniz,0.5481043214015746
2022-12-01,Akdeniz,0.7416616249582456
2023-01-01,Akdeniz,0.7100658746275915
2023-02-01,Akdeniz,0.12024769434265226
2023-03-01,Akdeniz,0.5893874515222199
2023-04-01,Akdeniz,0.3937883273898939
2023-05-01,Akdeniz,0.47804670006506766
2023-06-01,Akdeniz,0.5419224539838244
2023-07-01,Akdeniz,0.16134821449700193
2023-08-01,Akdeniz,0.1463378105398141
2023-09-01,Akdeniz,0.16132608262026177
2023-10-01,Akdeniz,0.32736713966861475
2023-11-01,Akdeniz,0.5130170363221138
2023-12-01,Akdeniz,0.809656811906815
2024-01-01,Akdeniz,0.4445777365529827
2024-02-01,Akdeniz,0.31469676303114935
2024-03-01,Akdeniz,0.01973669191730215
2024-04-01,Akdeniz,-0.14221583947445401
2024-05-01,Akdeniz,0.3503281156067185
2024-06-01,Akdeniz,-0.22473429799267972
2024-07-01,Akdeniz,-0.16245099713684208
2024-08-01,Akdeniz,0.0032779888675408706
2024-09-01,Akdeniz,-0.2849336179582123
2024-10-01,Akdeniz,-0.09252335555457793
2024-11-01,Akdeniz,-0.11646689767806825
2024-12-01,Akdeniz,0.08769439948073805
2025-01-01,Akdeniz,0.03106529738621011
2025-02-01,Akdeniz,0.006275206350358919
2025-03-01,Akdeniz,-0.33036649055226364
2025-04-01,Akdeniz,0.04892241110042952
2025-05-01,Akdeniz,-0.29934134965922615
2025-06-01,Akdeniz,-0.4664477669554635
2025-07-01,Akdeniz,-0.557889745557096
2025-08-01,Akdeniz,-0.9069457273081275
2025-09-01,Akdeniz,-0.6887638999152295
2025-10-01,Akdeniz,-0.6772993180098518
2025-11-01,Akdeniz,-0.669233389776341
2018-01-01,Doğu Anadolu,-0.2894344683658569
2018-02-01,Doğu Anadolu,-0.11552643782621405
2018-03-01,Doğu Anadolu,-0.2687011318244366
2018-04-01,Doğu Anadolu,-0.20400647131132493
2018-05-01,Doğu Anadolu,-0.13710346860416336
2018-06-01,Doğu Anadolu,-0.25543928753771333
2018-07-01,Doğu Anadolu,-0.31008267361604175
2018-08-01,Doğu Anadolu,-0.2660480534867021
2018-09-01,Doğu Anadolu,-0.25296803795069667
2018-10-01,Doğu Anadolu,-0.3151310585523746
2018-11-01,Doğu Anadolu,-0.06817223599913998
2018-12-01,Doğu Anadolu,-0.16819263850015329
2019-01-01,Doğu Anadolu,-0.10757186165043439
2019-02-01,Doğu Anadolu,-0.14736611706234187
2019-03-01,Doğu Anadolu,-0.26932265185182
2019-04-01,Doğu Anadolu,-0.38878070807672344
2019-05-01,Doğu Anadolu,-0.33928545486292894
2019-06-01,Doğu Anadolu,-0.32736832810911465
2019-07-01,Doğu Anadolu,-0.28657064332603027
2019-08-01,Doğu Anadolu,-0.2859540346574569
2019-09-01,Doğu Anadolu,-0.32210955616301074
2019-10-01,Doğu Anadolu,-0.07089307034106013
2019-11-01,Doğu Anadolu,-0.23614185950325473
2019-12-01,Doğu Anadolu,-0.10805115474403097
2020-01-01,Doğu Anadolu,-0.06747551416701567
2020-02-01,Doğu Anadolu,-0.24007257278088018
2020-03-01,Doğu Anadolu,-0.16520861135821852
2020-04-01,Doğu Anadolu,0.10491001442048643
2020-05-01,Doğu Anadolu,-0.022610736578150104
2020-06-01,Doğu Anadolu,0.05035383192061365
2020-07-01,Doğu Anadolu,0.08716940270839528
2020-08-01,Doğu Anadolu,-0.21944373094065744
2020-09-01,Doğu Anadolu,-0.03244363875274292
2020-10-01,Doğu Anadolu,-0.09394659566595326
2020-11-01,Doğu Anadolu,-0.11026249496217234
2020-12-01,Doğu Anadolu,-0.09280458491272255
2021-01-01,Doğu Anadolu,0.16928767354962765
2021-02-01,Doğu Anadolu,0.0642882358382062
2021-03-01,Doğu Anadolu,0.14676958603286622
2021-04-01,Doğu Anadolu,-0.04711555032145616
2021-05-01,Doğu Anadolu,-0.034595698370247376
2021-06-01,Doğu Anadolu,0.090681559263392
2021-07-01,Doğu Anadolu,0.02631946691336705
2021-08-01,Doğu Anadolu,-0.05471858386631843
2021-09-01,Doğu Anadolu,-0.11742353808746431
2021-10-01,Doğu Anadolu,-0.2696061562089603
2021-11-01,Doğu Anadolu,-0.08239809790167325
2021-12-01,Doğu Anadolu,-0.07988668167469808
2022-01-01,Doğu Anadolu,0.011848226377606193
2022-02-01,Doğu Anadolu,0.24323038999628532
2022-03-01,Doğu Anadolu,0.1316491378827475
2022-04-01,Doğu Anadolu,0.40339984303344145
2022-05-01,Doğu Anadolu,0.2412803856700043
2022-06-01,Doğu Anadolu,-0.006434541824308865
2022-07-01,Doğu Anadolu,0.08828610435641264
2022-08-01,Doğu Anadolu,0.5318346683625467
2022-09-01,Doğu Anadolu,0.26531624474030935
2022-10-01,Doğu Anadolu,0.3334139921132639
2022-11-01,Doğu Anadolu,0.5028125315959735
2022-12-01,Doğu Anadolu,0.4469474383455317
2023-01-01,Doğu Anadolu,0.274381082077876
2023-02-01,Doğu Anadolu,0.15515363861957648
2023-03-01,Doğu Anadolu,0.4032007189195777
2023-04-01,Doğu Anadolu,0.26378111672726995
2023-05-01,Doğu Anadolu,0.19701145338883666
2023-06-01,Doğu Anadolu,0.3048454098173662
2023-07-01,Doğu Anadolu,0.1890203432240424
2023-08-01,Doğu Anadolu,0.19609221864868698
2023-09-01,Doğu Anadolu,0.06852323283708327
2023-10-01,Doğu Anadolu,0.1458642730727129
2023-11-01,Doğu Anadolu,0.3002330872982898
2023-12-01,Doğu Anadolu,0.4036910028639553
2024-01-01,Doğu Anadolu,0.4743466988166849
2024-02-01,Doğu Anadolu,0.3152329445326985
2024-03-01,Doğu Anadolu,0.1969201238166564
2024-04-01,Doğu Anadolu,0.1156466688402352
2024-05-01,Doğu Anadolu,-0.029003666264233934
2024-06-01,Doğu Anadolu,-0.08042112722262187
2024-07-01,Doğu Anadolu,-0.060392711435227474
2024-08-01,Doğu Anadolu,-0.0014708560284092131
2024-09-01,Doğu Anadolu,0.009464304888737613
2024-10-01,Doğu Anadolu,0.058311882506519384
2024-11-01,Doğu Anadolu,0.10288963233496155
2024-12-01,Doğu Anadolu,0.013653199833161713
2025-01-01,Doğu Anadolu,-0.048109964983915836
2025-02-01,Doğu Anadolu,-0.19504878738251782
2025-03-01,Doğu Anadolu,-0.013558606856288033
2025-04-01,Doğu Anadolu,-0.13203179938417076
2025-05-01,Doğu Anadolu,-0.12624478507736275
2025-06-01,Doğu Anadolu,-0.1704550707983977
2025-07-01,Doğu Anadolu,-0.24780680631821975
2025-08-01,Doğu Anadolu,-0.23501567100399506
2025-09-01,Doğu Anadolu,-0.04849605364611646
2025-10-01,Doğu Anadolu,-0.2767605666234767
2025-11-01,Doğu Anadolu,0.8134234391356104
2018-01-01,Ege,-0.08508233593845713
2018-02-01,Ege,-0.06599780528485276
2018-03-01,Ege,0.13332535759660277
2018-04-01,Ege,-0.614795784687932
2018-05-01,Ege,-0.5255499169383151
2018-06-01,Ege,-0.5690210366058527
2018-07-01,Ege,-0.6184539369473285
2018-08-01,Ege,-0.4558537338484484
2018-09-01,Ege,-0.5660206473720268
2018-10-01,Ege,-0.3992651801249151
2018-11-01,Ege,-0.5596352186497203
2018-12-01,Ege,-0.3514344715691493
2019-01-01,Ege,-0.24402383041550685
2019-02-01,Ege,-0.3779336786760501
2019-03-01,Ege,-0.22272032948401158
2019-04-01,Ege,-0.5274184799206427
2019-05-01,Ege,-0.2345715526082805
2019-06-01,Ege,-0.5416675279510909
2019-07-01,Ege,-0.473583858734432
2019-08-01,Ege,-0.4983002027976939
2019-09-01,Ege,-0.30314590567456456
2019-10-01,Ege,-0.34532121639943153
2019-11-01,Ege,-0.22499336234314318
2019-12-01,Ege,-0.12088782918446853
2020-01-01,Ege,0.09711321571356855
2020-02-01,Ege,0.010290133439839916
2020-03-01,Ege,0.042704935601495256
2020-04-01,Ege,0.7148268593728865
2020-05-01,Ege,0.5215951788931338
2020-06-01,Ege,-0.08110698670784673
2020-07-01,Ege,-0.3415803909661923
2020-08-01,Ege,-0.33121779675722285
2020-09-01,Ege,-0.17433287284537527
2020-10-01,Ege,-0.14535162266636253
2020-11-01,Ege,-0.0486104109171971
2020-12-01,Ege,0.2715977037220319
2021-01-01,Ege,0.6690137258114914
2021-02-01,Ege,0.5959428584682676
2021-03-01,Ege,0.20611479252566384
2021-04-01,Ege,0.5701935543558069
2021-05-01,Ege,0.14280135001843708
2021-06-01,Ege,0.5729169578251432
2021-07-01,Ege,-0.17130190432570835
2021-08-01,Ege,-0.07911621580230285
2021-09-01,Ege,-0.05952972397257812
2021-10-01,Ege,-0.23975516801191196
2021-11-01,Ege,-0.045432694503504706
2021-12-01,Ege,-0.11199440136147913
2022-01-01,Ege,0.29481454768564375
2022-02-01,Ege,0.5373597373284082
2022-03-01,Ege,0.5937307353723213
2022-04-01,Ege,0.8219315625358867
2022-05-01,Ege,0.7067627497429682
2022-06-01,Ege,0.588715382117593
2022-07-01,Ege,0.3461949726614167
2022-08-01,Ege,0.5017677095935646
2022-09-01,Ege,0.1795438464224455
2022-10-01,Ege,0.6269540268202493
2022-11-01,Ege,0.681926094861433
2022-12-01,Ege,0.7268820718218574
2023-01-01,Ege,0.6223860034011633
2023-02-01,Ege,0.6151457252762372
2023-03-01,Ege,0.9061209505924538
2023-04-01,Ege,0.6488227562559116
2023-05-01,Ege,0.3153839974798945
2023-06-01,Ege,0.31102896371387767
2023-07-01,Ege,-0.14452872326022512
2023-08-01,Ege,0.06950372548616256
2023-09-01,Ege,0.25583902797515634
2023-10-01,Ege,0.20950747292302485
2023-11-01,Ege,0.4667707741783481
2023-12-01,Ege,0.8497314814041849
2024-01-01,Ege,0.3762260148660301
2024-02-01,Ege,0.4470259800406221
2024-03-01,Ege,0.11909729669554132
2024-04-01,Ege,0.09053824928957685
2024-05-01,Ege,-0.232196129807424
2024-06-01,Ege,-0.40190615493864146
2024-07-01,Ege,-0.3781437625431897
2024-08-01,Ege,-0.2867928265691817
2024-09-01,Ege,-0.07675577230745516
2024-10-01,Ege,-0.015283386186289355
2024-11-01,Ege,-0.17320676470318697
2024-12-01,Ege,0.02173893312911947
2025-01-01,Ege,0.14868448278972968
2025-02-01,Ege,-0.22411153336830808
2025-03-01,Ege,-0.13389226087023037
2025-04-01,Ege,-0.1664103902614685
2025-05-01,Ege,-0.3633674689535441
2025-06-01,Ege,-0.4694799617426913
2025-07-01,Ege,-0.8670036500192759
2025-08-01,Ege,-0.9569237564363282
2025-09-01,Ege,-0.537958230191996
2025-10-01,Ege,-0.7475190104926994
2025-11-01,Ege,-0.6980840821590595
2018-01-01,Güneydoğu Anadolu,-0.10064388229269841
2018-02-01,Güneydoğu Anadolu,-0.3997091970157428
2018-03-01,Güneydoğu Anadolu,-0.2656326896460755
2018-04-01,Güneydoğu Anadolu,-0.21139503378655797
2018-05-01,Güneydoğu Anadolu,-0.13254478635549946
2018-06-01,Güneydoğu Anadolu,-0.293834663665327
2018-07-01,Güneydoğu Anadolu,-0.6668466380231695
2018-08-01,Güneydoğu Anadolu,-0.49027252234716084
2018-09-01,Güneydoğu Anadolu,-0.3981261316901838
2018-10-01,Güneydoğu Anadolu,-0.4727093617482612
2018-11-01,Güneydoğu Anadolu,-0.38795653130381663
2018-12-01,Güneydoğu Anadolu,-0.18336404020183808
2019-01-01,Güneydoğu Anadolu,-0.4221411326243288
2019-02-01,Güneydoğu Anadolu,-0.4406774584238093
2019-03-01,Güneydoğu Anadolu,-0.4125864222533448
2019-04-01,Güneydoğu Anadolu,-0.44113997274851563
2019-05-01,Güneydoğu Anadolu,-0.5030841030795398
2019-06-01,Güneydoğu Anadolu,-0.30635574819945866
2019-07-01,Güneydoğu Anadolu,-0.43138437744735414
2019-08-01,Güneydoğu Anadolu,-0.4025511637684757
2019-09-01,Güneydoğu Anadolu,-0.3502354471993095
2019-10-01,Güneydoğu Anadolu,-0.2853547610095109
2019-11-01,Güneydoğu Anadolu,-0.31155144348093367
2019-12-01,Güneydoğu Anadolu,-0.11934598211486044
2020-01-01,Güneydoğu Anadolu,-0.3641110327439606
2020-02-01,Güneydoğu Anadolu,-0.265424002709383
2020-03-01,Güneydoğu Anadolu,-0.0484436073995659
2020-04-01,Güneydoğu Anadolu,0.26659121073399017
2020-05-01,Güneydoğu Anadolu,0.3728284284599687
2020-06-01,Güneydoğu Anadolu,0.015298032065675008
2020-07-01,Güneydoğu Anadolu,-0.12671104713440456
2020-08-01,Güneydoğu Anadolu,-0.11208949465035338
2020-09-01,Güneydoğu Anadolu,0.003844325391071699
2020-10-01,Güneydoğu Anadolu,-0.14048051238027023
2020-11-01,Güneydoğu Anadolu,-0.2361025580925948
2020-12-01,Güneydoğu Anadolu,0.5478632314196616
2021-01-01,Güneydoğu Anadolu,0.2742207459059455
2021-02-01,Güneydoğu Anadolu,0.2211350835351028
2021-03-01,Güneydoğu Anadolu,0.03411083944860641
2021-04-01,Güneydoğu Anadolu,0.12442384983209337
2021-05-01,Güneydoğu Anadolu,0.39424042040319407
2021-06-01,Güneydoğu Anadolu,0.48007490854129253
2021-07-01,Güneydoğu Anadolu,-0.13549049860234053
2021-08-01,Güneydoğu Anadolu,-0.049581526415262436
2021-09-01,Güneydoğu Anadolu,0.1012731647088646
2021-10-01,Güneydoğu Anadolu,-0.07664398064249768
2021-11-01,Güneydoğu Anadolu,-0.28443995571087294
2021-12-01,Güneydoğu Anadolu,-0.3826302120112998
2022-01-01,Güneydoğu Anadolu,0.12641427086124643
2022-02-01,Güneydoğu Anadolu,0.09119329229059815
2022-03-01,Güneydoğu Anadolu,0.4864593309390134
2022-04-01,Güneydoğu Anadolu,0.36319576228325523
2022-05-01,Güneydoğu Anadolu,0.15144064014768857
2022-06-01,Güneydoğu Anadolu,0.02611682391176388
2022-07-01,Güneydoğu Anadolu,0.22965059859495504
2022-08-01,Güneydoğu Anadolu,0.46316925188540436
2022-09-01,Güneydoğu Anadolu,0.2660877929844356
2022-10-01,Güneydoğu Anadolu,0.28092045031959306
2022-11-01,Güneydoğu Anadolu,0.5732779566306351
2022-12-01,Güneydoğu Anadolu,0.9436757058140951
2023-01-01,Güneydoğu Anadolu,0.4617277886152733
2023-02-01,Güneydoğu Anadolu,0.19987074711862493
2023-03-01,Güneydoğu Anadolu,0.3253038472799646
2023-04-01,Güneydoğu Anadolu,0.330406584068462
2023-05-01,Güneydoğu Anadolu,0.3800742669575738
2023-06-01,Güneydoğu Anadolu,0.6583441924810195
2023-07-01,Güneydoğu Anadolu,0.3515778561811933
2023-08-01,Güneydoğu Anadolu,0.4702562462582225
2023-09-01,Güneydoğu Anadolu,0.7318463399863394
2023-10-01,Güneydoğu Anadolu,0.257834399226955
2023-11-01,Güneydoğu Anadolu,0.2345490802443916
2023-12-01,Güneydoğu Anadolu,0.5459091377642722
2024-01-01,Güneydoğu Anadolu,0.5738916427620352
2024-02-01,Güneydoğu Anadolu,0.37587368336117577
2024-03-01,Güneydoğu Anadolu,0.02950406134562526
2024-04-01,Güneydoğu Anadolu,0.02918294620434868
2024-05-01,Güneydoğu Anadolu,0.30408923334647625
2024-06-01,Güneydoğu Anadolu,-0.13474600337711162
2024-07-01,Güneydoğu Anadolu,-0.02643725500277974
2024-08-01,Güneydoğu Anadolu,0.06927436377354834
2024-09-01,Güneydoğu Anadolu,-0.15588661980772678
2024-10-01,Güneydoğu Anadolu,-0.00801254001109608
2024-11-01,Güneydoğu Anadolu,0.027747812335755493
2024-12-01,Güneydoğu Anadolu,0.033569031889317154
2025-01-01,Güneydoğu Anadolu,0.07950776517149861
2025-02-01,Güneydoğu Anadolu,0.06485680211744257
2025-03-01,Güneydoğu Anadolu,-0.2266814823112521
2025-04-01,Güneydoğu Anadolu,-0.2236220891445357
2025-05-01,Güneydoğu Anadolu,-0.1898731575441317
2025-06-01,Güneydoğu Anadolu,-0.0922349569571425
2025-07-01,Güneydoğu Anadolu,-0.5611850336780321
2025-08-01,Güneydoğu Anadolu,-0.2902769809745808
2025-09-01,Güneydoğu Anadolu,-0.5705275694830177
2025-10-01,Güneydoğu Anadolu,-0.3619082414378516
2025-11-01,Güneydoğu Anadolu,0.12027990305016918
2018-01-01,Karadeniz,-0.29688115977845037
2018-02-01,Karadeniz,-0.32138860676114783
2018-03-01,Karadeniz,-0.10515745396274813
2018-04-01,Karadeniz,-0.2371243732305621
2018-05-01,Karadeniz,-0.1641090512932126
2018-06-01,Karadeniz,-0.48028776252172517
2018-07-01,Karadeniz,-0.31126725576815645
2018-08-01,Karadeniz,-0.2929341681906508
2018-09-01,Karadeniz,-0.4292649452676742
2018-10-01,Karadeniz,-0.41591199826024455
2018-11-01,Karadeniz,-0.18388844571252305
2018-12-01,Karadeniz,-0.28972994950930214
2019-01-01,Karadeniz,-0.2977953437609989
2019-02-01,Karadeniz,-0.3611843466338394
2019-03-01,Karadeniz,-0.24471818400855985
2019-04-01,Karadeniz,-0.2798784527401392
2019-05-01,Karadeniz,-0.2826830129998354
2019-06-01,Karadeniz,-0.46767370063760755
2019-07-01,Karadeniz,-0.3425992343340037
2019-08-01,Karadeniz,-0.31305898766330986
2019-09-01,Karadeniz,-0.4117686811322517
2019-10-01,Karadeniz,-0.2887143350181277
2019-11-01,Karadeniz,-0.05279353937521034
2019-12-01,Karadeniz,-0.1927472086923127
2020-01-01,Karadeniz,-0.19373815157459062
2020-02-01,Karadeniz,-0.13513039644430244
2020-03-01,Karadeniz,0.0952835068961289
2020-04-01,Karadeniz,0.21286600815999188
2020-05-01,Karadeniz,0.18484947482479042
2020-06-01,Karadeniz,-0.09527176756978539
2020-07-01,Karadeniz,-0.16587206673043886
2020-08-01,Karadeniz,-0.23728000559002868
2020-09-01,Karadeniz,-0.14517018843842514
2020-10-01,Karadeniz,0.08882786165608904
2020-11-01,Karadeniz,-0.18726125152611078
2020-12-01,Karadeniz,0.17245007176504684
2021-01-01,Karadeniz,0.49736609923156555
2021-02-01,Karadeniz,0.0872927680116546
2021-03-01,Karadeniz,0.06239992199235873
2021-04-01,Karadeniz,0.2031669031107946
2021-05-01,Karadeniz,-0.06864983941046428
2021-06-01,Karadeniz,0.26716277835382085
2021-07-01,Karadeniz,-0.08587715109282196
2021-08-01,Karadeniz,0.037741290342174647
2021-09-01,Karadeniz,-0.09422556143682116
2021-10-01,Karadeniz,0.0342357518316807
2021-11-01,Karadeniz,-0.17148849843380665
2021-12-01,Karadeniz,-0.16582512616842507
2022-01-01,Karadeniz,0.2858338686261899
2022-02-01,Karadeniz,0.09342520999780536
2022-03-01,Karadeniz,0.37099776814316165
2022-04-01,Karadeniz,0.41777726747837574
2022-05-01,Karadeniz,0.33547150937954917
2022-06-01,Karadeniz,0.508581569081008
2022-07-01,Karadeniz,0.34027919444786137
2022-08-01,Karadeniz,0.1675910995880078
2022-09-01,Karadeniz,0.15274290384671027
2022-10-01,Karadeniz,0.39068647460547173
2022-11-01,Karadeniz,0.45939027314209674
2022-12-01,Karadeniz,0.6084549279225394
2023-01-01,Karadeniz,0.6774098102944807
2023-02-01,Karadeniz,0.4946343957975808
2023-03-01,Karadeniz,0.6002925836612156
2023-04-01,Karadeniz,0.4130325435161853
2023-05-01,Karadeniz,0.6077377525952192
2023-06-01,Karadeniz,0.3826896994190296
2023-07-01,Karadeniz,0.049375331277905735
2023-08-01,Karadeniz,0.3121785204822251
2023-09-01,Karadeniz,0.16960239266303437
2023-10-01,Karadeniz,0.22394419790953932
2023-11-01,Karadeniz,0.43126513938812183
2023-12-01,Karadeniz,0.3934831881686279
2024-01-01,Karadeniz,0.17322477711363932
2024-02-01,Karadeniz,0.09911075590653733
2024-03-01,Karadeniz,0.055959008073040536
2024-04-01,Karadeniz,0.04659793755594301
2024-05-01,Karadeniz,-0.08786690583858858
2024-06-01,Karadeniz,0.023742815181564663
2024-07-01,Karadeniz,-0.11137347452426048
2024-08-01,Karadeniz,-0.11002273760556193
2024-09-01,Karadeniz,-0.15620038207612683
2024-10-01,Karadeniz,-0.13787538367583682
2024-11-01,Karadeniz,-1.456746238438957e-05
2024-12-01,Karadeniz,-0.11152158467494094
2025-01-01,Karadeniz,0.12044188358616043
2025-02-01,Karadeniz,-0.07519192195147475
2025-03-01,Karadeniz,-0.11027960067685776
2025-04-01,Karadeniz,-0.2479481566670288
2025-05-01,Karadeniz,-0.2602973224638829
2025-06-01,Karadeniz,-0.23711708861463474
2025-07-01,Karadeniz,-0.4157210244583484
2025-08-01,Karadeniz,-0.3674351150909977
2025-09-01,Karadeniz,-0.23909393866860096
2025-10-01,Karadeniz,-0.2877747489962714
2025-11-01,Karadeniz,0.4154869200894869
2018-01-01,Marmara,-0.3275952070943597
2018-02-01,Marmara,-0.3765068673327648
2018-03-01,Marmara,0.01996669972712244
2018-04-01,Marmara,-0.23864112183585715
2018-05-01,Marmara,-0.29712672201686274
2018-06-01,Marmara,-0.29543355266833554
2018-07-01,Marmara,-0.45901514137430405
2018-08-01,Marmara,-0.4634040570381187
2018-09-01,Marmara,-0.4298406494781971
2018-10-01,Marmara,-0.09084420109988581
2018-11-01,Marmara,-0.08197577889340878
2018-12-01,Marmara,-0.2545604723894374
2019-01-01,Marmara,0.09706949358085078
2019-02-01,Marmara,0.14919088061873764
2019-03-01,Marmara,-0.08875736595529445
2019-04-01,Marmara,-0.3369321866545453
2019-05-01,Marmara,-0.35328694535231214
2019-06-01,Marmara,-0.5310496079034183
2019-07-01,Marmara,-0.4042908920002927
2019-08-01,Marmara,-0.35669356416238296
2019-09-01,Marmara,-0.5368168416187168
2019-10-01,Marmara,0.04785804192774354
2019-11-01,Marmara,-0.18677617757422466
2019-12-01,Marmara,0.07234994703037294
2020-01-01,Marmara,-0.2898468040041835
2020-02-01,Marmara,0.17078877681043658
2020-03-01,Marmara,-0.08375937432926575
2020-04-01,Marmara,0.7331214155955377
2020-05-01,Marmara,0.49784860185560964
2020-06-01,Marmara,0.06354574054079613
2020-07-01,Marmara,-0.14293159445771544
2020-08-01,Marmara,-0.06440692087653145
2020-09-01,Marmara,-0.21648346025327703
2020-10-01,Marmara,-0.26529140332757206
2020-11-01,Marmara,-0.08339813083282388
2020-12-01,Marmara,0.20380537545056757
2021-01-01,Marmara,0.6501040494908354
2021-02-01,Marmara,0.5208262548590679
2021-03-01,Marmara,0.2624049484828502
2021-04-01,Marmara,0.6057856656298464
2021-05-01,Marmara,0.24094651527412295
2021-06-01,Marmara,0.1958496644774558
2021-07-01,Marmara,-0.10297341493099042
2021-08-01,Marmara,-0.16120490668077575
2021-09-01,Marmara,-0.34289330066927187
2021-10-01,Marmara,-0.13161578771885638
2021-11-01,Marmara,-0.13607491707511613
2021-12-01,Marmara,-0.2908414150177621
2022-01-01,Marmara,0.23911186907598192
2022-02-01,Marmara,0.430655048820614
2022-03-01,Marmara,0.43334126916642257
2022-04-01,Marmara,0.3189454872285715
2022-05-01,Marmara,0.22843903923739986
2022-06-01,Marmara,0.05313594058063981
2022-07-01,Marmara,0.29403923510207525
2022-08-01,Marmara,0.31679589802654945
2022-09-01,Marmara,0.1485551301519439
2022-10-01,Marmara,0.5289988334054179
2022-11-01,Marmara,0.42240711151497096
2022-12-01,Marmara,0.6175089333995766
2023-01-01,Marmara,0.7741759505232428
2023-02-01,Marmara,0.8530991799010248
2023-03-01,Marmara,0.9570426886480395
2023-04-01,Marmara,0.28688187159188505
2023-05-01,Marmara,0.257087002969595
2023-06-01,Marmara,0.401240273467714
2023-07-01,Marmara,-0.07241327147751984
2023-08-01,Marmara,0.234854179063773
2023-09-01,Marmara,0.2855934857204582
2023-10-01,Marmara,0.354388489963747
2023-11-01,Marmara,0.6102163575784861
2023-12-01,Marmara,0.7201067466306946
2024-01-01,Marmara,0.21111004404620873
2024-02-01,Marmara,0.08240405934146534
2024-03-01,Marmara,-0.14928614283343564
2024-04-01,Marmara,-0.3426638408744498
2024-05-01,Marmara,0.11189567863650328
2024-06-01,Marmara,-0.2633703404506271
2024-07-01,Marmara,-0.21999412157621048
2024-08-01,Marmara,-0.13368633521380163
2024-09-01,Marmara,-0.10146364122350277
2024-10-01,Marmara,-0.14771014485039446
2024-11-01,Marmara,-0.051390796862714326
2024-12-01,Marmara,-0.016164147179685884
2025-01-01,Marmara,0.21876173450856976
2025-02-01,Marmara,-0.182328403219529
2025-03-01,Marmara,-0.3655168919278367
2025-04-01,Marmara,-0.00679642002759898
2025-05-01,Marmara,-0.40621076570235026
2025-06-01,Marmara,-0.6861503605502258
2025-07-01,Marmara,-0.7365524977533698
2025-08-01,Marmara,-0.6661733571450847
2025-09-01,Marmara,-0.7462827235210089
2025-10-01,Marmara,-0.7019127863817637
2025-11-01,Marmara,-0.5049178382655555
2018-01-01,İç Anadolu,-0.09314624407216017
2018-02-01,İç Anadolu,-0.12199219512810719
2018-03-01,İç Anadolu,0.10633139273446819
2018-04-01,İç Anadolu,-0.1505546004215828
2018-05-01,İç Anadolu,-0.32070732530820634
2018-06-01,İç Anadolu,-0.3646175120874027
2018-07-01,İç Anadolu,-0.4012592894220121
2018-08-01,İç Anadolu,-0.2720883978443794
2018-09-01,İç Anadolu,-0.44766808076415604
2018-10-01,İç Anadolu,-0.3658254334462609
2018-11-01,İç Anadolu,-0.2916182507955763
2018-12-01,İç Anadolu,-0.11147917932949568
2019-01-01,İç Anadolu,-0.3009784204452908
2019-02-01,İç Anadolu,-0.09816625739574658
2019-03-01,İç Anadolu,-0.21837225555117448
2019-04-01,İç Anadolu,-0.4131729223088313
2019-05-01,İç Anadolu,-0.3521395394379862
2019-06-01,İç Anadolu,-0.5072394178509707
2019-07-01,İç Anadolu,-0.3474339261746855
2019-08-01,İç Anadolu,-0.3374242590535133
2019-09-01,İç Anadolu,-0.1707471867385308
2019-10-01,İç Anadolu,-0.2136006210549372
2019-11-01,İç Anadolu,0.05155482084635203
2019-12-01,İç Anadolu,-0.11679493083158794
2020-01-01,İç Anadolu,-0.1196415962257771
2020-02-01,İç Anadolu,-0.04382022578386675
2020-03-01,İç Anadolu,-0.18108051745809764
2020-04-01,İç Anadolu,0.34771290581076103
2020-05-01,İç Anadolu,0.4982135151785219
2020-06-01,İç Anadolu,-0.0572849455753713
2020-07-01,İç Anadolu,-0.29471067563497905
2020-08-01,İç Anadolu,-0.16520391421528957
2020-09-01,İç Anadolu,-0.13312765725453263
2020-10-01,İç Anadolu,-0.15199195492421538
2020-11-01,İç Anadolu,-0.22362484494545726
2020-12-01,İç Anadolu,0.18223130712715357
2021-01-01,İç Anadolu,0.44590101356794
2021-02-01,İç Anadolu,0.2334137224694133
2021-03-01,İç Anadolu,0.026393845232915686
2021-04-01,İç Anadolu,0.303007310526923
2021-05-01,İç Anadolu,0.09930554438453101
2021-06-01,İç Anadolu,0.030353023520052425
2021-07-01,İç Anadolu,-0.14146207560628135
2021-08-01,İç Anadolu,-0.2054869861628801
2021-09-01,İç Anadolu,0.0017682549555692215
2021-10-01,İç Anadolu,-0.02196904823353392
2021-11-01,İç Anadolu,-0.08867006905580181
2021-12-01,İç Anadolu,-0.20541961045043358
2022-01-01,İç Anadolu,0.21716318251062128
2022-02-01,İç Anadolu,0.4675477261603498
2022-03-01,İç Anadolu,0.6702044998587209
2022-04-01,İç Anadolu,0.48530102403900593
2022-05-01,İç Anadolu,0.4094326522592321
2022-06-01,İç Anadolu,0.22554476435395154
2022-07-01,İç Anadolu,0.37218665791433736
2022-08-01,İç Anadolu,0.22138724160134973
2022-09-01,İç Anadolu,0.34294276926535044
2022-10-01,İç Anadolu,0.3287726044425556
2022-11-01,İç Anadolu,0.6362099731971312
2022-12-01,İç Anadolu,0.42615198149989714
2023-01-01,İç Anadolu,0.5075929426002813
2023-02-01,İç Anadolu,0.7171683922238563
2023-03-01,İç Anadolu,0.6882801477436167
2023-04-01,İç Anadolu,0.4999122369192614
2023-05-01,İç Anadolu,0.29893687927526785
2023-06-01,İç Anadolu,0.29054644392934964
2023-07-01,İç Anadolu,0.06986238803268685
2023-08-01,İç Anadolu,0.10987824234503278
2023-09-01,İç Anadolu,0.27176316921661786
2023-10-01,İç Anadolu,0.314896955447374
2023-11-01,İç Anadolu,0.4779945554995817
2023-12-01,İç Anadolu,0.7574926206783467
2024-01-01,İç Anadolu,0.35505278755821257
2024-02-01,İç Anadolu,0.027674953715781894
2024-03-01,İç Anadolu,-0.11188820265372536
2024-04-01,İç Anadolu,-0.24681784485998162
2024-05-01,İç Anadolu,-0.09082033787533196
2024-06-01,İç Anadolu,-0.274561272334324
2024-07-01,İç Anadolu,-0.14610803315280338
2024-08-01,İç Anadolu,-0.10638744996709505
2024-09-01,İç Anadolu,-0.3033962625483992
2024-10-01,İç Anadolu,-0.018891670204539288
2024-11-01,İç Anadolu,-0.04767026922519391
2024-12-01,İç Anadolu,0.1210214302768571
2025-01-01,İç Anadolu,-0.02402663058065466
2025-02-01,İç Anadolu,-0.16226511153215037
2025-03-01,İç Anadolu,-0.299074635265943
2025-04-01,İç Anadolu,-0.13134624255704586
2025-05-01,İç Anadolu,-0.38247345804444693
2025-06-01,İç Anadolu,-0.3210157449412647
2025-07-01,İç Anadolu,-0.4977584640389982
2025-08-01,İç Anadolu,-0.3325077141570051
2025-09-01,İç Anadolu,-0.5377297635695205
2025-10-01,İç Anadolu,-0.5165643631648676
2025-11-01,İç Anadolu,-0.035282041256827046
